user_id,movie_id,rating
1,678,4.0
1,1649,5.0
1,1085,4.0
1,94,5.0
1,1500,5.0
1,431,4.0
1,843,5.0
1,56,5.0
1,354,4.0
1,1560,5.0
1,51,4.0
1,1818,5.0
1,188,5.0
1,1801,5.0
1,274,5.0
1,1204,5.0
1,334,5.0
1,1927,5.0
1,1451,5.0
1,1434,5.0
1,1237,4.0
1,437,5.0
1,136,4.0
1,1754,5.0
1,148,4.0
1,615,1.0
1,808,1.0
1,782,1.0
1,1096,1.0
1,1271,1.0
1,1734,1.0
1,229,1.0
1,1977,1.0
1,32,1.0
1,416,1.0
1,332,1.0
1,488,1.0
1,700,1.0
1,899,1.0
1,1802,1.0
1,1287,1.0
1,291,1.0
1,10,2.0
1,1701,1.0
1,1973,1.0
1,1836,2.0
1,969,2.0
1,872,1.0
1,113,1.0
1,306,1.0
2,1949,5.0
2,160,4.0
2,590,5.0
2,30,4.0
2,1859,5.0
2,1287,4.0
2,1689,5.0
2,562,5.0
2,200,5.0
2,1836,5.0
2,17,5.0
2,1973,4.0
2,10,5.0
2,1701,5.0
2,872,4.0
2,1967,5.0
2,1276,4.0
2,1149,5.0
2,1992,5.0
2,1779,5.0
2,360,4.0
2,1327,5.0
2,113,5.0
2,392,5.0
2,1568,4.0
2,229,1.0
2,102,2.0
2,1434,1.0
2,912,2.0
2,1096,1.0
2,1045,1.0
2,424,1.0
2,1602,1.0
2,1977,1.0
2,700,1.0
2,1649,1.0
2,982,2.0
2,274,1.0
2,843,1.0
2,1188,1.0
2,1026,1.0
2,1754,1.0
2,148,1.0
2,136,1.0
2,880,1.0
3,351,5.0
3,327,5.0
3,1836,5.0
3,1967,5.0
3,1490,4.0
3,872,4.0
3,1973,5.0
3,1779,5.0
3,1378,5.0
3,227,5.0
3,1689,5.0
3,10,4.0
3,1276,4.0
3,360,4.0
3,590,5.0
3,1859,5.0
3,17,5.0
3,1701,5.0
3,291,5.0
3,200,4.0
3,306,5.0
3,1149,5.0
3,1992,5.0
3,30,5.0
3,392,5.0
3,1271,1.0
3,1888,1.0
3,728,1.0
3,1265,1.0
3,702,1.0
3,1096,1.0
3,912,1.0
3,368,1.0
3,1539,1.0
3,1977,1.0
3,35,1.0
3,563,1.0
3,880,1.0
3,148,1.0
3,431,2.0
3,1500,1.0
3,1026,1.0
3,334,1.0
3,1818,1.0
3,982,1.0
4,35,5.0
4,1560,5.0
4,1867,5.0
4,1927,5.0
4,880,5.0
4,437,5.0
4,843,5.0
4,1026,4.0
4,148,5.0
4,1434,5.0
4,56,5.0
4,1500,5.0
4,1237,5.0
4,1085,5.0
4,58,5.0
4,1451,5.0
4,274,5.0
4,51,5.0
4,431,4.0
4,94,5.0
4,136,5.0
4,1818,5.0
4,1649,5.0
4,1204,4.0
4,678,5.0
4,1045,1.0
4,416,1.0
4,912,1.0
4,728,1.0
4,488,1.0
4,899,1.0
4,1977,1.0
4,297,1.0
4,1734,2.0
4,651,1.0
4,782,1.0
4,1271,1.0
4,702,1.0
4,1802,1.0
4,54,1.0
4,1973,1.0
4,327,1.0
4,1689,1.0
4,969,2.0
4,10,1.0
4,17,1.0
4,1949,1.0
4,113,1.0
4,1149,1.0
4,1992,1.0
5,1247,5.0
5,482,5.0
5,200,5.0
5,590,5.0
5,1276,5.0
5,30,4.0
5,1973,5.0
5,807,5.0
5,1779,5.0
5,113,4.0
5,227,5.0
5,306,5.0
5,17,5.0
5,1378,4.0
5,1850,4.0
5,10,5.0
5,1149,5.0
5,969,5.0
5,1689,5.0
5,291,4.0
5,1885,4.0
5,351,5.0
5,1668,5.0
5,1327,4.0
5,1568,5.0
5,651,1.0
5,332,1.0
5,983,1.0
5,615,1.0
5,102,1.0
5,368,1.0
5,297,1.0
5,700,1.0
5,1602,1.0
5,54,1.0
5,35,2.0
5,843,1.0
5,94,1.0
5,148,1.0
5,1434,2.0
5,1938,1.0
5,69,1.0
5,1204,2.0
5,982,1.0
5,1188,1.0
6,983,4.0
6,615,5.0
6,1977,5.0
6,368,5.0
6,651,5.0
6,1734,5.0
6,1595,4.0
6,912,4.0
6,1692,4.0
6,124,5.0
6,1539,5.0
6,488,5.0
6,702,5.0
6,1045,5.0
6,782,5.0
6,297,4.0
6,32,5.0
6,1061,5.0
6,1602,5.0
6,1265,5.0
6,102,4.0
6,808,4.0
6,1802,5.0
6,1096,5.0
6,424,5.0
6,1754,2.0
6,1818,2.0
6,1867,1.0
6,1927,1.0
6,1451,1.0
6,678,2.0
6,188,1.0
6,334,1.0
6,880,1.0
6,1938,1.0
6,136,2.0
6,1560,2.0
6,274,1.0
6,148,1.0
6,51,1.0
6,1992,2.0
6,1885,1.0
6,10,1.0
6,590,1.0
6,1568,1.0
6,1490,1.0
6,1859,1.0
6,1327,1.0
6,872,2.0
6,1287,1.0
7,1096,5.0
7,124,5.0
7,1045,4.0
7,651,5.0
7,297,5.0
7,728,5.0
7,229,5.0
7,1539,4.0
7,332,5.0
7,102,5.0
7,416,5.0
7,488,4.0
7,1434,5.0
7,782,5.0
7,1602,4.0
7,1734,5.0
7,1595,4.0
7,912,5.0
7,615,5.0
7,700,4.0
7,1888,5.0
7,54,4.0
7,983,4.0
7,702,5.0
7,1271,5.0
7,431,1.0
7,1085,1.0
7,1204,1.0
7,1560,1.0
7,274,1.0
7,354,2.0
7,1801,2.0
7,1649,1.0
7,1818,1.0
7,94,1.0
7,1867,1.0
7,334,1.0
7,1938,1.0
7,1754,1.0
7,1859,1.0
7,1668,2.0
7,1276,2.0
7,872,1.0
7,1568,1.0
7,1992,1.0
7,113,2.0
7,482,1.0
7,17,2.0
7,1701,1.0
8,1779,5.0
8,1836,5.0
8,1668,5.0
8,872,5.0
8,1973,5.0
8,969,5.0
8,1490,5.0
8,360,5.0
8,807,5.0
8,1949,5.0
8,1850,5.0
8,1967,5.0
8,562,4.0
8,1276,5.0
8,590,5.0
8,392,5.0
8,1859,4.0
8,1327,5.0
8,227,5.0
8,482,5.0
8,1287,4.0
8,1689,5.0
8,1992,5.0
8,10,5.0
8,291,5.0
8,32,2.0
8,54,1.0
8,615,2.0
8,1061,1.0
8,1434,1.0
8,1096,1.0
8,899,1.0
8,1539,1.0
8,1045,1.0
8,912,1.0
8,5,1.0
8,1237,1.0
8,1500,1.0
8,678,1.0
8,1801,1.0
8,188,1.0
8,56,1.0
8,1649,1.0
8,1026,1.0
8,1188,1.0
9,488,4.0
9,1802,5.0
9,899,5.0
9,1096,4.0
9,1977,5.0
9,1539,5.0
9,416,5.0
9,297,5.0
9,54,5.0
9,102,4.0
9,615,4.0
9,1734,5.0
9,465,5.0
9,332,5.0
9,651,5.0
9,1434,5.0
9,1602,4.0
9,782,4.0
9,808,5.0
9,983,4.0
9,124,5.0
9,1692,5.0
9,1265,5.0
9,728,5.0
9,229,5.0
9,56,1.0
9,69,1.0
9,1026,1.0
9,1818,1.0
9,188,1.0
9,843,1.0
9,58,2.0
9,1867,1.0
9,51,1.0
9,5,1.0
9,1085,1.0
9,431,1.0
9,982,1.0
9,437,1.0
9,148,1.0
9,1276,1.0
9,1490,1.0
9,160,1.0
9,1287,1.0
9,482,1.0
9,30,1.0
9,1992,1.0
9,1949,1.0
9,872,1.0
9,306,1.0
10,488,5.0
10,899,5.0
10,54,5.0
10,808,5.0
10,102,4.0
10,1595,5.0
10,416,5.0
10,700,4.0
10,1045,5.0
10,1271,4.0
10,651,4.0
10,1539,5.0
10,465,5.0
10,229,5.0
10,32,4.0
10,1602,5.0
10,702,5.0
10,1802,5.0
10,1734,5.0
10,1977,5.0
10,332,5.0
10,1096,5.0
10,1434,4.0
10,983,5.0
10,1265,5.0
10,56,1.0
10,1188,1.0
10,563,1.0
10,1754,1.0
10,58,1.0
10,1649,1.0
10,1026,1.0
10,1801,2.0
10,274,1.0
10,1867,1.0
10,1560,1.0
10,51,1.0
10,136,1.0
10,1938,1.0
10,843,1.0
10,306,1.0
10,562,1.0
10,360,1.0
10,1779,2.0
10,1701,1.0
10,291,1.0
10,1850,1.0
10,1276,1.0
10,1668,1.0
10,1490,1.0
11,702,5.0
11,424,5.0
11,1096,5.0
11,1802,5.0
11,651,5.0
11,1602,5.0
11,1434,5.0
11,1692,5.0
11,488,5.0
11,899,5.0
11,808,5.0
11,700,5.0
11,297,5.0
11,102,5.0
11,1271,5.0
11,368,5.0
11,1265,4.0
11,332,5.0
11,1977,5.0
11,912,5.0
11,124,5.0
11,1734,5.0
11,1595,5.0
11,465,5.0
11,728,5.0
11,35,1.0
11,188,1.0
11,354,1.0
11,1237,2.0
11,1649,1.0
11,982,1.0
11,1560,1.0
11,1867,1.0
11,1754,1.0
11,148,1.0
11,1500,1.0
11,56,1.0
11,843,1.0
11,1085,1.0
11,1451,1.0
11,1949,2.0
11,1327,1.0
11,1378,2.0
11,1287,1.0
11,1836,1.0
11,807,1.0
11,227,1.0
11,1490,1.0
11,291,1.0
11,1859,1.0
12,51,5.0
12,1560,5.0
12,1500,4.0
12,1434,5.0
12,1818,5.0
12,880,5.0
12,136,5.0
12,1754,4.0
12,1451,5.0
12,1026,5.0
12,437,5.0
12,982,5.0
12,354,4.0
12,1801,5.0
12,1204,5.0
12,1927,4.0
12,431,5.0
12,1237,4.0
12,274,5.0
12,563,4.0
12,94,4.0
12,56,5.0
12,5,5.0
12,1867,4.0
12,188,5.0
12,1888,2.0
12,1977,2.0
12,368,1.0
12,1096,1.0
12,297,2.0
12,416,1.0
12,1595,1.0
12,700,1.0
12,1539,1.0
12,424,1.0
12,615,1.0
12,488,1.0
12,54,1.0
12,899,1.0
12,1265,1.0
12,360,1.0
12,1378,1.0
12,227,1.0
12,590,1.0
12,392,1.0
12,1992,2.0
12,291,2.0
12,1949,1.0
12,1836,1.0
12,1973,1.0
13,1949,5.0
13,1378,5.0
13,482,5.0
13,1689,4.0
13,10,5.0
13,1967,5.0
13,1779,5.0
13,562,5.0
13,17,5.0
13,1149,5.0
13,1287,5.0
13,1327,5.0
13,1247,5.0
13,113,5.0
13,590,5.0
13,1568,4.0
13,1885,4.0
13,1859,4.0
13,360,5.0
13,1701,5.0
13,1276,5.0
13,200,4.0
13,1668,5.0
13,1836,5.0
13,872,5.0
13,488,1.0
13,465,1.0
13,1434,1.0
13,1271,1.0
13,728,1.0
13,124,1.0
13,229,1.0
13,1061,1.0
13,297,1.0
13,1692,1.0
13,1927,1.0
13,1085,1.0
13,880,1.0
13,431,1.0
13,843,1.0
13,94,1.0
13,58,1.0
13,188,1.0
13,982,1.0
13,1204,1.0
14,590,5.0
14,1850,5.0
14,17,5.0
14,969,5.0
14,160,5.0
14,482,5.0
14,1247,5.0
14,360,5.0
14,1276,5.0
14,1949,5.0
14,351,5.0
14,1568,5.0
14,30,5.0
14,327,5.0
14,1992,4.0
14,1149,5.0
14,291,5.0
14,200,5.0
14,1327,4.0
14,1701,5.0
14,10,5.0
14,1490,5.0
14,113,5.0
14,807,5.0
14,306,5.0
14,1802,1.0
14,1595,1.0
14,488,1.0
14,1265,1.0
14,1734,1.0
14,651,1.0
14,1096,1.0
14,1602,1.0
14,297,2.0
14,1539,1.0
14,1237,1.0
14,1188,1.0
14,1085,2.0
14,880,1.0
14,1801,1.0
14,334,1.0
14,94,1.0
14,58,1.0
14,563,1.0
14,51,2.0
15,590,4.0
15,30,5.0
15,1992,4.0
15,1967,5.0
15,291,5.0
15,113,5.0
15,1568,5.0
15,160,5.0
15,482,5.0
15,1701,5.0
15,1885,5.0
15,306,5.0
15,1378,5.0
15,872,5.0
15,327,5.0
15,1973,5.0
15,1779,4.0
15,1287,4.0
15,1276,5.0
15,351,5.0
15,1689,5.0
15,360,5.0
15,1859,5.0
15,392,5.0
15,1490,5.0
15,297,1.0
15,32,1.0
15,1096,1.0
15,332,1.0
15,1045,1.0
15,102,1.0
15,54,1.0
15,1802,1.0
15,808,1.0
15,1595,1.0
15,1085,1.0
15,1938,1.0
15,678,1.0
15,35,1.0
15,1649,1.0
15,880,1.0
15,58,2.0
15,188,1.0
15,51,1.0
15,5,1.0
16,1818,4.0
16,274,5.0
16,51,5.0
16,437,5.0
16,431,5.0
16,1237,5.0
16,1801,5.0
16,94,5.0
16,334,5.0
16,1434,5.0
16,1451,4.0
16,880,5.0
16,69,5.0
16,188,5.0
16,35,5.0
16,148,5.0
16,1927,5.0
16,136,5.0
16,1500,5.0
16,1560,5.0
16,1204,5.0
16,1938,5.0
16,563,5.0
16,1026,5.0
16,982,4.0
16,1595,1.0
16,54,1.0
16,1692,1.0
16,1539,1.0
16,1061,1.0
16,1265,1.0
16,1602,1.0
16,32,1.0
16,488,1.0
16,1096,1.0
16,1888,1.0
16,702,1.0
16,983,1.0
16,1734,1.0
16,327,1.0
16,1490,1.0
16,306,1.0
16,1378,1.0
16,113,1.0
16,1949,1.0
16,160,1.0
16,1327,1.0
16,1276,1.0
16,1859,1.0
17,56,5.0
17,1500,5.0
17,1434,5.0
17,188,5.0
17,35,5.0
17,1188,5.0
17,678,5.0
17,982,5.0
17,1649,5.0
17,437,5.0
17,1927,5.0
17,1451,5.0
17,58,5.0
17,1938,5.0
17,51,4.0
17,1237,5.0
17,5,4.0
17,1085,5.0
17,1754,4.0
17,148,5.0
17,843,5.0
17,354,4.0
17,274,5.0
17,880,4.0
17,69,5.0
17,1802,1.0
17,1977,1.0
17,488,1.0
17,700,2.0
17,1692,1.0
17,1096,2.0
17,1045,1.0
17,124,1.0
17,32,1.0
17,332,1.0
17,1539,1.0
17,54,1.0
17,1734,1.0
17,102,1.0
17,1061,1.0
17,590,1.0
17,1992,1.0
17,306,1.0
17,807,2.0
17,392,1.0
17,1701,1.0
17,1689,1.0
17,1490,1.0
17,562,1.0
17,1949,1.0
18,291,5.0
18,17,5.0
18,160,4.0
18,562,5.0
18,1378,5.0
18,360,4.0
18,1779,5.0
18,482,5.0
18,10,5.0
18,392,5.0
18,1949,5.0
18,872,4.0
18,969,5.0
18,1689,5.0
18,1859,5.0
18,1327,5.0
18,113,5.0
18,1701,5.0
18,30,5.0
18,1885,5.0
18,351,5.0
18,227,4.0
18,807,5.0
18,327,4.0
18,200,4.0
18,229,1.0
18,1692,1.0
18,1434,1.0
18,465,1.0
18,424,2.0
18,983,1.0
18,1977,1.0
18,1271,1.0
18,782,1.0
18,651,2.0
18,1204,1.0
18,1818,1.0
18,1026,1.0
18,1938,1.0
18,51,2.0
18,1560,1.0
18,334,1.0
18,563,1.0
18,35,1.0
18,678,1.0
19,1188,5.0
19,843,5.0
19,563,5.0
19,1085,5.0
19,1927,5.0
19,1649,5.0
19,51,5.0
19,431,4.0
19,1560,5.0
19,5,5.0
19,1754,5.0
19,94,5.0
19,136,4.0
19,69,5.0
19,148,5.0
19,1451,4.0
19,334,5.0
19,58,5.0
19,880,5.0
19,1801,5.0
19,437,4.0
19,678,5.0
19,354,5.0
19,35,5.0
19,1500,4.0
19,488,1.0
19,54,1.0
19,1061,1.0
19,297,1.0
19,1595,1.0
19,983,1.0
19,465,1.0
19,1271,1.0
19,32,1.0
19,1539,1.0
19,1096,1.0
19,1692,1.0
19,1734,1.0
19,728,1.0
19,700,1.0
19,17,1.0
19,360,1.0
19,1701,1.0
19,1149,1.0
19,1689,1.0
19,1568,2.0
19,1885,1.0
19,1859,1.0
19,392,2.0
19,113,1.0
20,291,5.0
20,562,5.0
20,1327,5.0
20,1149,5.0
20,306,4.0
20,872,5.0
20,1276,5.0
20,1850,5.0
20,1668,5.0
20,1836,5.0
20,590,5.0
20,1568,5.0
20,1949,5.0
20,392,5.0
20,1701,4.0
20,1490,4.0
20,1973,5.0
20,10,5.0
20,1885,4.0
20,17,5.0
20,1247,5.0
20,360,5.0
20,351,5.0
20,1689,5.0
20,113,5.0
20,488,2.0
20,1802,1.0
20,1692,1.0
20,651,1.0
20,102,1.0
20,1602,1.0
20,32,1.0
20,124,1.0
20,332,2.0
20,1265,1.0
20,1451,1.0
20,880,1.0
20,431,1.0
20,563,1.0
20,1237,2.0
20,334,1.0
20,982,1.0
20,56,1.0
20,1204,1.0
20,1867,1.0
21,306,5.0
21,360,5.0
21,392,5.0
21,1247,5.0
21,291,4.0
21,1779,5.0
21,1490,5.0
21,1276,5.0
21,1836,5.0
21,1668,5.0
21,30,4.0
21,969,5.0
21,351,4.0
21,17,5.0
21,1701,4.0
21,200,5.0
21,1689,5.0
21,1992,5.0
21,1850,5.0
21,1327,5.0
21,1859,4.0
21,590,5.0
21,1973,5.0
21,482,5.0
21,1149,5.0
21,1692,1.0
21,424,1.0
21,615,1.0
21,1271,1.0
21,702,1.0
21,983,1.0
21,368,1.0
21,700,1.0
21,1434,1.0
21,808,1.0
21,94,1.0
21,334,1.0
21,58,1.0
21,354,1.0
21,1801,1.0
21,1026,1.0
21,1204,1.0
21,1649,1.0
21,148,1.0
22,1992,4.0
22,482,5.0
22,227,5.0
22,1850,4.0
22,351,4.0
22,327,5.0
22,1859,5.0
22,969,4.0
22,1973,5.0
22,562,4.0
22,1490,5.0
22,1701,5.0
22,1327,5.0
22,1149,5.0
22,306,5.0
22,360,5.0
22,30,5.0
22,1689,5.0
22,1668,5.0
22,1836,5.0
22,1287,5.0
22,160,5.0
22,200,5.0
22,1779,5.0
22,291,4.0
22,424,1.0
22,1096,1.0
22,782,1.0
22,1734,1.0
22,488,1.0
22,899,1.0
22,1977,1.0
22,700,1.0
22,32,2.0
22,651,2.0
22,1754,1.0
22,274,1.0
22,354,1.0
22,188,1.0
22,563,1.0
22,51,1.0
22,56,1.0
22,334,1.0
22,1927,1.0
22,1204,1.0
23,1850,5.0
23,113,5.0
23,1859,5.0
23,1779,5.0
23,1149,5.0
23,1287,5.0
23,807,4.0
23,1973,4.0
23,351,5.0
23,17,5.0
23,872,5.0
23,160,5.0
23,1568,4.0
23,306,5.0
23,30,5.0
23,10,4.0
23,482,5.0
23,1949,5.0
23,1327,5.0
23,392,5.0
23,1378,5.0
23,1701,5.0
23,562,4.0
23,590,5.0
23,1247,5.0
23,1802,1.0
23,1271,1.0
23,700,1.0
23,54,1.0
23,1265,1.0
23,782,1.0
23,332,1.0
23,899,1.0
23,651,1.0
23,1602,2.0
23,880,1.0
23,1927,1.0
23,563,1.0
23,334,1.0
23,5,2.0
23,1801,1.0
23,1204,1.0
23,56,1.0
23,1026,1.0
23,1560,1.0
24,1265,5.0
24,1045,5.0
24,465,5.0
24,782,4.0
24,1434,4.0
24,1888,5.0
24,1977,5.0
24,32,5.0
24,416,5.0
24,102,5.0
24,1271,5.0
24,1602,5.0
24,615,5.0
24,912,5.0
24,124,5.0
24,808,5.0
24,899,5.0
24,700,5.0
24,229,5.0
24,1061,5.0
24,332,5.0
24,297,5.0
24,1692,5.0
24,54,5.0
24,1595,5.0
24,5,1.0
24,563,2.0
24,1451,1.0
24,1188,1.0
24,1801,1.0
24,148,1.0
24,1085,1.0
24,982,1.0
24,188,1.0
24,1818,1.0
24,1560,1.0
24,843,1.0
24,51,1.0
24,1927,1.0
24,327,1.0
24,360,1.0
24,1973,1.0
24,1568,1.0
24,872,2.0
24,351,2.0
24,113,1.0
24,1287,1.0
24,17,1.0
24,1850,1.0
25,1701,5.0
25,1276,4.0
25,1859,5.0
25,1992,5.0
25,1287,4.0
25,306,5.0
25,872,5.0
25,113,5.0
25,1149,5.0
25,1949,5.0
25,1689,5.0
25,1836,5.0
25,1327,5.0
25,590,5.0
25,807,5.0
25,160,5.0
25,351,5.0
25,1850,5.0
25,1973,4.0
25,969,4.0
25,1967,5.0
25,1885,5.0
25,482,5.0
25,1490,5.0
25,562,5.0
25,488,1.0
25,899,1.0
25,1265,1.0
25,297,2.0
25,1434,1.0
25,1602,1.0
25,54,1.0
25,416,1.0
25,1888,1.0
25,1734,1.0
25,1026,1.0
25,1867,1.0
25,334,1.0
25,136,1.0
25,880,1.0
25,1818,1.0
25,69,1.0
25,1801,1.0
25,1560,1.0
26,1188,5.0
26,5,5.0
26,354,5.0
26,1560,4.0
26,1204,5.0
26,136,5.0
26,437,5.0
26,1500,5.0
26,1649,5.0
26,188,5.0
26,56,5.0
26,880,4.0
26,51,5.0
26,982,5.0
26,69,5.0
26,1754,5.0
26,1801,5.0
26,1818,5.0
26,1026,5.0
26,678,5.0
26,58,4.0
26,1938,4.0
26,274,5.0
26,843,5.0
26,1927,5.0
26,416,1.0
26,465,1.0
26,1595,1.0
26,1734,1.0
26,1271,1.0
26,702,1.0
26,782,1.0
26,102,2.0
26,54,1.0
26,368,1.0
26,229,1.0
26,332,1.0
26,1045,1.0
26,297,2.0
26,1434,1.0
26,590,1.0
26,1701,1.0
26,1276,1.0
26,327,1.0
26,160,1.0
26,30,1.0
26,807,1.0
26,1949,2.0
26,392,1.0
26,1149,1.0
27,392,5.0
27,1992,5.0
27,327,5.0
27,1689,5.0
27,1701,5.0
27,807,5.0
27,1247,5.0
27,562,5.0
27,17,5.0
27,590,4.0
27,113,5.0
27,1973,5.0
27,1568,5.0
27,1378,5.0
27,1668,5.0
27,872,4.0
27,1287,5.0
27,482,5.0
27,969,5.0
27,1276,5.0
27,291,5.0
27,1836,5.0
27,1967,4.0
27,1850,5.0
27,30,4.0
27,54,1.0
27,1271,1.0
27,615,1.0
27,808,1.0
27,488,1.0
27,229,1.0
27,1802,1.0
27,416,1.0
27,32,1.0
27,297,1.0
27,1085,1.0
27,1188,1.0
27,1500,1.0
27,563,1.0
27,51,1.0
27,1451,1.0
27,1204,1.0
27,94,1.0
27,334,1.0
27,437,1.0
28,1973,5.0
28,1689,5.0
28,351,5.0
28,1287,5.0
28,1850,5.0
28,17,5.0
28,1779,5.0
28,969,5.0
28,1247,5.0
28,1992,5.0
28,562,4.0
28,1490,5.0
28,1701,5.0
28,327,4.0
28,227,5.0
28,1668,4.0
28,1378,5.0
28,360,5.0
28,30,5.0
28,160,5.0
28,200,5.0
28,291,5.0
28,1885,5.0
28,1327,5.0
28,306,5.0
28,728,1.0
28,297,1.0
28,899,1.0
28,1602,1.0
28,912,1.0
28,702,1.0
28,229,1.0
28,332,2.0
28,488,1.0
28,416,1.0
28,1938,1.0
28,563,1.0
28,148,1.0
28,1500,1.0
28,1434,1.0
28,1085,1.0
28,1867,1.0
28,437,1.0
28,354,1.0
28,1754,1.0
29,983,5.0
29,102,5.0
29,229,5.0
29,1539,5.0
29,1061,5.0
29,615,5.0
29,1434,5.0
29,54,5.0
29,124,5.0
29,1096,5.0
29,368,4.0
29,424,5.0
29,1595,5.0
29,1602,5.0
29,1692,5.0
29,32,5.0
29,488,5.0
29,1265,5.0
29,297,5.0
29,651,4.0
29,1734,5.0
29,808,5.0
29,1977,5.0
29,702,5.0
29,465,5.0
29,982,1.0
29,56,1.0
29,1560,1.0
29,1754,1.0
29,1188,1.0
29,136,1.0
29,188,1.0
29,354,1.0
29,843,1.0
29,880,1.0
29,58,1.0
29,678,1.0
29,334,1.0
29,1085,1.0
29,482,2.0
29,969,1.0
29,327,1.0
29,30,1.0
29,1949,1.0
29,1836,1.0
29,1276,1.0
29,1973,1.0
29,1378,1.0
29,392,1.0
30,1692,4.0
30,1096,5.0
30,1602,5.0
30,1045,5.0
30,782,4.0
30,424,5.0
30,297,5.0
30,700,4.0
30,32,5.0
30,1539,5.0
30,728,5.0
30,488,5.0
30,1271,5.0
30,465,5.0
30,702,5.0
30,124,5.0
30,808,5.0
30,1265,5.0
30,102,5.0
30,615,5.0
30,1888,5.0
30,1434,5.0
30,651,5.0
30,1595,5.0
30,899,5.0
30,188,1.0
30,136,1.0
30,5,1.0
30,431,2.0
30,274,1.0
30,1754,1.0
30,1451,1.0
30,1927,1.0
30,1938,1.0
30,880,1.0
30,69,1.0
30,1500,1.0
30,148,2.0
30,51,1.0
30,1668,1.0
30,872,1.0
30,30,1.0
30,1992,2.0
30,1247,2.0
30,1287,1.0
30,1836,2.0
30,1967,1.0
30,10,1.0
30,392,1.0
31,1434,5.0
31,1237,5.0
31,563,5.0
31,51,5.0
31,148,5.0
31,1500,5.0
31,431,5.0
31,136,5.0
31,1801,5.0
31,880,5.0
31,1818,5.0
31,1204,4.0
31,35,5.0
31,1867,5.0
31,843,4.0
31,1927,5.0
31,334,5.0
31,1754,5.0
31,437,5.0
31,1026,4.0
31,5,5.0
31,1649,5.0
31,1085,5.0
31,1938,5.0
31,94,5.0
31,1061,2.0
31,1802,1.0
31,983,1.0
31,1977,1.0
31,488,1.0
31,782,1.0
31,728,1.0
31,702,1.0
31,808,1.0
31,1096,1.0
31,1595,1.0
31,1602,2.0
31,416,1.0
31,465,1.0
31,124,1.0
31,200,1.0
31,291,1.0
31,1701,1.0
31,1689,1.0
31,872,1.0
31,807,1.0
31,327,1.0
31,1247,1.0
31,1949,1.0
31,160,1.0
32,1888,4.0
32,899,5.0
32,782,5.0
32,651,4.0
32,1977,4.0
32,1802,5.0
32,54,5.0
32,1602,5.0
32,1539,5.0
32,332,5.0
32,1265,5.0
32,297,5.0
32,124,5.0
32,728,4.0
32,1271,5.0
32,424,5.0
32,808,5.0
32,368,5.0
32,1061,5.0
32,700,5.0
32,102,4.0
32,1734,5.0
32,32,5.0
32,488,5.0
32,1692,5.0
32,982,1.0
32,431,1.0
32,1188,1.0
32,1801,2.0
32,880,1.0
32,1237,1.0
32,1085,1.0
32,1026,1.0
32,136,2.0
32,35,2.0
32,1927,1.0
32,334,1.0
32,1560,1.0
32,1754,1.0
32,51,1.0
32,1967,1.0
32,562,1.0
32,200,1.0
32,1668,1.0
32,291,1.0
32,1378,1.0
32,10,1.0
32,1836,1.0
32,807,1.0
32,351,1.0
33,160,5.0
33,360,5.0
33,872,5.0
33,482,5.0
33,1850,4.0
33,590,5.0
33,1378,5.0
33,1276,5.0
33,200,4.0
33,1701,5.0
33,327,5.0
33,392,5.0
33,1287,5.0
33,113,5.0
33,807,5.0
33,1885,5.0
33,1149,5.0
33,1992,5.0
33,562,4.0
33,351,5.0
33,969,5.0
33,1247,5.0
33,1668,5.0
33,1973,5.0
33,227,5.0
33,488,1.0
33,1539,1.0
33,332,1.0
33,808,1.0
33,297,1.0
33,1888,1.0
33,102,1.0
33,54,2.0
33,1602,1.0
33,229,1.0
33,1754,2.0
33,1938,1.0
33,1560,1.0
33,56,2.0
33,148,2.0
33,843,1.0
33,1927,1.0
33,1026,1.0
33,58,1.0
33,1434,1.0
34,1836,5.0
34,1949,5.0
34,30,5.0
34,1885,5.0
34,482,5.0
34,807,4.0
34,1276,5.0
34,291,5.0
34,1247,5.0
34,1149,5.0
34,590,5.0
34,1490,5.0
34,1689,5.0
34,1327,5.0
34,10,4.0
34,562,5.0
34,227,5.0
34,1701,5.0
34,1973,5.0
34,327,4.0
34,306,5.0
34,1568,5.0
34,200,5.0
34,1287,5.0
34,969,4.0
34,488,1.0
34,1096,1.0
34,808,1.0
34,368,1.0
34,728,1.0
34,1271,1.0
34,1602,1.0
34,983,1.0
34,229,1.0
34,702,1.0
34,188,1.0
34,563,1.0
34,1451,1.0
34,678,1.0
34,274,1.0
34,1237,1.0
34,1754,1.0
34,431,1.0
34,1434,2.0
34,1818,1.0
35,1850,4.0
35,1247,5.0
35,10,4.0
35,1568,4.0
35,1967,5.0
35,1287,5.0
35,227,5.0
35,1689,5.0
35,1327,4.0
35,392,5.0
35,1949,5.0
35,1859,5.0
35,306,5.0
35,160,5.0
35,872,5.0
35,1149,5.0
35,1378,5.0
35,1779,5.0
35,327,5.0
35,1668,5.0
35,360,5.0
35,969,4.0
35,291,4.0
35,562,4.0
35,17,4.0
35,32,1.0
35,1045,1.0
35,700,1.0
35,782,2.0
35,1802,2.0
35,54,1.0
35,912,2.0
35,368,1.0
35,1595,1.0
35,728,1.0
35,431,1.0
35,334,1.0
35,843,1.0
35,1085,1.0
35,354,1.0
35,1754,1.0
35,1237,2.0
35,880,1.0
35,678,1.0
35,1560,2.0
36,1602,5.0
36,1888,5.0
36,488,5.0
36,1434,4.0
36,1802,5.0
36,1595,5.0
36,1265,5.0
36,1045,5.0
36,424,5.0
36,728,5.0
36,297,5.0
36,983,4.0
36,1734,5.0
36,912,5.0
36,615,5.0
36,702,4.0
36,1271,5.0
36,124,5.0
36,102,5.0
36,465,5.0
36,416,5.0
36,899,4.0
36,332,5.0
36,651,4.0
36,782,5.0
36,5,1.0
36,1867,1.0
36,843,1.0
36,1801,1.0
36,1188,1.0
36,354,1.0
36,1927,1.0
36,1026,1.0
36,1451,1.0
36,1500,1.0
36,274,1.0
36,69,1.0
36,1818,1.0
36,1754,1.0
36,431,1.0
36,291,1.0
36,360,1.0
36,1247,1.0
36,1668,1.0
36,227,1.0
36,590,1.0
36,1568,1.0
36,392,1.0
36,1949,1.0
36,306,1.0
37,1276,5.0
37,1378,4.0
37,1287,5.0
37,10,5.0
37,200,5.0
37,1836,5.0
37,590,5.0
37,1490,5.0
37,392,5.0
37,1701,4.0
37,1568,5.0
37,227,5.0
37,1859,5.0
37,1967,5.0
37,30,5.0
37,1850,5.0
37,1247,5.0
37,113,4.0
37,1885,5.0
37,1668,4.0
37,17,5.0
37,1949,5.0
37,291,4.0
37,327,5.0
37,1973,5.0
37,1045,1.0
37,728,1.0
37,332,1.0
37,124,1.0
37,32,1.0
37,808,1.0
37,615,1.0
37,700,2.0
37,1061,1.0
37,899,2.0
37,1801,1.0
37,69,1.0
37,1085,1.0
37,678,1.0
37,274,1.0
37,431,1.0
37,843,1.0
37,1867,2.0
37,1560,1.0
37,1188,1.0
38,368,5.0
38,424,5.0
38,1888,4.0
38,808,5.0
38,229,5.0
38,700,5.0
38,102,5.0
38,124,5.0
38,54,5.0
38,782,4.0
38,332,4.0
38,1734,5.0
38,488,5.0
38,651,5.0
38,1265,5.0
38,912,5.0
38,416,5.0
38,1595,5.0
38,1061,5.0
38,728,5.0
38,1692,5.0
38,1539,5.0
38,702,5.0
38,1271,4.0
38,1045,5.0
38,334,2.0
38,1927,1.0
38,563,1.0
38,1867,1.0
38,354,1.0
38,1434,1.0
38,982,1.0
38,56,1.0
38,274,1.0
38,188,1.0
38,1938,1.0
38,678,1.0
38,1500,2.0
38,1754,1.0
38,94,1.0
38,1992,1.0
38,10,1.0
38,1836,1.0
38,482,1.0
38,872,1.0
38,306,1.0
38,1247,1.0
38,327,1.0
38,227,1.0
38,392,1.0
39,728,5.0
39,1888,4.0
39,124,5.0
39,332,5.0
39,368,5.0
39,1265,5.0
39,424,4.0
39,983,5.0
39,1595,5.0
39,1539,5.0
39,1802,4.0
39,912,5.0
39,899,5.0
39,1096,5.0
39,229,5.0
39,782,5.0
39,651,5.0
39,1977,5.0
39,1692,5.0
39,1061,5.0
39,1602,5.0
39,702,5.0
39,1734,5.0
39,488,5.0
39,700,4.0
39,1938,1.0
39,1649,1.0
39,58,1.0
39,1801,1.0
39,1754,1.0
39,437,1.0
39,1867,1.0
39,982,1.0
39,1927,1.0
39,1500,1.0
39,880,1.0
39,354,2.0
39,1204,1.0
39,431,1.0
39,1026,1.0
39,1327,2.0
39,306,1.0
39,30,1.0
39,1701,1.0
39,1859,1.0
39,160,1.0
39,1490,1.0
39,1779,1.0
39,200,1.0
39,1689,1.0
40,1276,5.0
40,562,4.0
40,872,5.0
40,10,5.0
40,392,4.0
40,227,5.0
40,482,5.0
40,1490,5.0
40,17,4.0
40,1967,5.0
40,351,5.0
40,327,5.0
40,30,5.0
40,1859,5.0
40,1885,5.0
40,1668,5.0
40,1689,5.0
40,306,5.0
40,160,4.0
40,200,5.0
40,1149,4.0
40,1992,5.0
40,1836,5.0
40,360,4.0
40,590,5.0
40,728,1.0
40,465,1.0
40,782,1.0
40,1096,1.0
40,899,2.0
40,651,1.0
40,54,1.0
40,1271,1.0
40,1434,1.0
40,700,1.0
40,35,1.0
40,1026,1.0
40,1938,1.0
40,1927,2.0
40,982,1.0
40,1085,1.0
40,1867,1.0
40,56,1.0
40,1754,1.0
40,1451,1.0
41,1802,5.0
41,416,5.0
41,912,5.0
41,615,5.0
41,1595,5.0
41,465,5.0
41,1096,5.0
41,332,5.0
41,297,5.0
41,229,4.0
41,702,5.0
41,1434,5.0
41,1265,4.0
41,424,4.0
41,32,5.0
41,368,5.0
41,700,5.0
41,1271,5.0
41,1539,5.0
41,782,5.0
41,651,4.0
41,488,5.0
41,1692,4.0
41,983,5.0
41,1734,4.0
41,982,2.0
41,188,1.0
41,1867,1.0
41,1188,1.0
41,334,1.0
41,1938,1.0
41,1237,2.0
41,563,1.0
41,880,1.0
41,1500,1.0
41,1451,1.0
41,1560,1.0
41,431,1.0
41,274,1.0
41,1085,1.0
41,1949,1.0
41,200,1.0
41,1836,1.0
41,872,1.0
41,1490,1.0
41,562,1.0
41,360,1.0
41,1885,2.0
41,1668,1.0
41,1276,1.0
42,465,5.0
42,1271,5.0
42,1977,5.0
42,1096,5.0
42,899,5.0
42,700,5.0
42,983,5.0
42,912,4.0
42,32,4.0
42,416,5.0
42,1434,4.0
42,1888,4.0
42,488,5.0
42,1734,5.0
42,702,5.0
42,1061,4.0
42,782,5.0
42,1602,5.0
42,615,4.0
42,368,5.0
42,424,4.0
42,1265,5.0
42,54,5.0
42,808,4.0
42,1539,5.0
42,5,1.0
42,1188,1.0
42,136,1.0
42,1801,1.0
42,1451,1.0
42,843,1.0
42,678,2.0
42,58,2.0
42,1754,1.0
42,188,1.0
42,274,1.0
42,148,1.0
42,69,1.0
42,51,1.0
42,1867,1.0
42,1287,1.0
42,17,1.0
42,1779,1.0
42,360,1.0
42,1149,1.0
42,1490,1.0
42,306,1.0
42,227,2.0
42,1949,2.0
42,1850,1.0
43,1602,5.0
43,32,5.0
43,899,4.0
43,416,5.0
43,1692,5.0
43,1061,5.0
43,1595,5.0
43,782,5.0
43,700,4.0
43,1977,5.0
43,1888,5.0
43,102,4.0
43,1265,5.0
43,983,5.0
43,1539,4.0
43,229,5.0
43,1045,5.0
43,615,5.0
43,297,4.0
43,1271,4.0
43,1802,5.0
43,54,5.0
43,1434,5.0
43,1734,5.0
43,124,4.0
43,1649,1.0
43,56,1.0
43,880,1.0
43,1801,1.0
43,136,2.0
43,69,1.0
43,1451,1.0
43,274,1.0
43,148,1.0
43,354,1.0
43,563,1.0
43,843,1.0
43,51,1.0
43,5,1.0
43,94,1.0
43,227,1.0
43,1850,1.0
43,306,1.0
43,200,1.0
43,1276,1.0
43,1967,1.0
43,1689,1.0
43,1701,1.0
43,1885,1.0
43,872,1.0
44,51,4.0
44,136,5.0
44,880,5.0
44,1188,5.0
44,148,4.0
44,563,5.0
44,69,4.0
44,1801,5.0
44,1818,5.0
44,1204,5.0
44,1754,5.0
44,5,5.0
44,1560,5.0
44,35,5.0
44,1026,4.0
44,1237,5.0
44,1927,5.0
44,58,5.0
44,1451,5.0
44,94,5.0
44,1867,5.0
44,678,5.0
44,1938,5.0
44,1434,5.0
44,354,5.0
44,424,2.0
44,1888,1.0
44,1802,1.0
44,912,1.0
44,32,1.0
44,700,1.0
44,728,1.0
44,1539,1.0
44,1061,1.0
44,782,1.0
44,124,1.0
44,102,1.0
44,229,1.0
44,1602,2.0
44,615,1.0
44,590,1.0
44,1701,1.0
44,17,1.0
44,360,1.0
44,1859,1.0
44,1568,1.0
44,291,1.0
44,1689,1.0
44,1247,1.0
44,113,1.0
45,563,5.0
45,188,4.0
45,880,4.0
45,1188,5.0
45,1938,4.0
45,274,5.0
45,51,5.0
45,678,5.0
45,148,5.0
45,1560,5.0
45,1434,5.0
45,1754,5.0
45,1237,5.0
45,136,5.0
45,5,5.0
45,1818,4.0
45,1649,5.0
45,437,5.0
45,334,5.0
45,56,5.0
45,1500,5.0
45,1801,4.0
45,58,5.0
45,1204,5.0
45,843,5.0
45,782,1.0
45,615,1.0
45,899,1.0
45,651,1.0
45,465,1.0
45,1096,1.0
45,983,2.0
45,1045,1.0
45,728,1.0
45,808,1.0
45,416,1.0
45,1595,1.0
45,229,1.0
45,1602,1.0
45,702,2.0
45,1850,1.0
45,1885,1.0
45,1779,1.0
45,562,2.0
45,351,1.0
45,1378,1.0
45,200,1.0
45,10,1.0
45,1327,1.0
45,1949,1.0
46,58,4.0
46,1867,5.0
46,1237,5.0
46,69,5.0
46,678,5.0
46,1026,5.0
46,843,5.0
46,982,5.0
46,1754,5.0
46,148,5.0
46,94,5.0
46,5,5.0
46,334,4.0
46,1451,5.0
46,274,5.0
46,1500,5.0
46,880,5.0
46,1801,5.0
46,1560,5.0
46,56,5.0
46,563,5.0
46,51,5.0
46,431,5.0
46,1927,5.0
46,1434,5.0
46,983,1.0
46,32,1.0
46,416,1.0
46,368,1.0
46,102,1.0
46,1539,1.0
46,1692,1.0
46,54,1.0
46,332,1.0
46,297,1.0
46,782,1.0
46,615,1.0
46,651,1.0
46,1602,1.0
46,1734,1.0
46,10,1.0
46,30,1.0
46,360,1.0
46,291,1.0
46,1701,1.0
46,1568,1.0
46,590,1.0
46,562,2.0
46,327,1.0
46,1378,1.0
47,54,5.0
47,332,5.0
47,1539,5.0
47,1096,4.0
47,700,5.0
47,1045,5.0
47,1061,5.0
47,1434,4.0
47,782,5.0
47,651,4.0
47,229,5.0
47,124,4.0
47,983,5.0
47,1977,5.0
47,1692,5.0
47,424,5.0
47,488,5.0
47,702,5.0
47,102,5.0
47,912,5.0
47,1734,5.0
47,808,5.0
47,297,5.0
47,465,4.0
47,615,5.0
47,35,1.0
47,982,1.0
47,69,1.0
47,1754,1.0
47,354,2.0
47,678,2.0
47,1938,1.0
47,334,1.0
47,437,1.0
47,843,1.0
47,1026,1.0
47,1204,1.0
47,1085,1.0
47,94,1.0
47,327,1.0
47,1885,1.0
47,1701,1.0
47,1967,1.0
47,482,1.0
47,1327,2.0
47,1378,2.0
47,1668,1.0
47,807,1.0
47,291,1.0
48,808,5.0
48,54,4.0
48,700,5.0
48,488,5.0
48,1096,5.0
48,899,5.0
48,1265,4.0
48,983,4.0
48,912,4.0
48,1045,5.0
48,229,5.0
48,102,4.0
48,1595,5.0
48,368,4.0
48,424,5.0
48,1977,5.0
48,1061,5.0
48,1602,5.0
48,1539,5.0
48,1802,4.0
48,297,5.0
48,1692,5.0
48,465,5.0
48,416,5.0
48,32,5.0
48,437,1.0
48,1927,1.0
48,1801,1.0
48,274,1.0
48,431,1.0
48,1500,1.0
48,982,1.0
48,1560,1.0
48,1026,1.0
48,880,1.0
48,1451,1.0
48,1434,1.0
48,334,1.0
48,563,1.0
48,354,1.0
48,327,2.0
48,590,1.0
48,1836,1.0
48,807,1.0
48,17,1.0
48,306,1.0
48,351,1.0
48,30,1.0
48,200,1.0
48,1885,1.0
49,58,5.0
49,1188,5.0
49,5,5.0
49,1927,5.0
49,880,5.0
49,35,5.0
49,437,5.0
49,431,5.0
49,1237,4.0
49,274,4.0
49,188,5.0
49,843,5.0
49,136,5.0
49,334,5.0
49,1026,5.0
49,1801,5.0
49,1434,5.0
49,1204,5.0
49,1500,5.0
49,678,5.0
49,563,5.0
49,1649,5.0
49,1754,5.0
49,56,5.0
49,1938,5.0
49,1977,1.0
49,54,2.0
49,488,1.0
49,368,1.0
49,465,1.0
49,102,1.0
49,702,1.0
49,1802,1.0
49,1692,1.0
49,1271,1.0
49,912,1.0
49,615,1.0
49,1061,1.0
49,808,1.0
49,1779,1.0
49,1967,1.0
49,360,1.0
49,306,1.0
49,1668,1.0
49,227,1.0
49,1327,1.0
49,872,1.0
49,1568,1.0
49,1973,1.0
50,54,4.0
50,1265,5.0
50,912,5.0
50,465,5.0
50,615,5.0
50,32,5.0
50,899,5.0
50,1096,5.0
50,1602,5.0
50,1692,5.0
50,368,5.0
50,102,5.0
50,651,4.0
50,124,5.0
50,1434,5.0
50,1061,5.0
50,1977,5.0
50,808,5.0
50,1734,5.0
50,1595,5.0
50,782,5.0
50,332,5.0
50,416,5.0
50,488,5.0
50,297,5.0
50,1754,1.0
50,1500,1.0
50,188,1.0
50,94,1.0
50,5,1.0
50,982,2.0
50,1560,1.0
50,563,1.0
50,880,1.0
50,35,1.0
50,1867,1.0
50,437,1.0
50,58,1.0
50,1649,1.0
50,1927,1.0
50,562,2.0
50,200,1.0
50,1949,1.0
50,10,1.0
50,872,1.0
50,1850,1.0
50,306,1.0
50,160,1.0
50,1885,1.0
50,1568,1.0
51,113,5.0
51,17,5.0
51,562,5.0
51,1836,5.0
51,1568,5.0
51,1779,5.0
51,200,5.0
51,306,5.0
51,291,5.0
51,590,5.0
51,360,5.0
51,969,5.0
51,1689,5.0
51,1850,5.0
51,1859,5.0
51,392,5.0
51,1967,5.0
51,1668,4.0
51,1276,4.0
51,1973,5.0
51,1378,5.0
51,10,5.0
51,1949,5.0
51,1287,5.0
51,482,5.0
51,702,1.0
51,1539,1.0
51,488,1.0
51,912,2.0
51,54,1.0
51,1977,1.0
51,1265,1.0
51,1434,1.0
51,1734,1.0
51,416,1.0
51,1801,1.0
51,1451,1.0
51,563,1.0
51,1204,1.0
51,1500,1.0
51,1649,1.0
51,51,1.0
51,1237,1.0
51,1938,1.0
51,880,1.0
52,32,5.0
52,808,5.0
52,1271,5.0
52,899,4.0
52,368,5.0
52,102,4.0
52,229,5.0
52,54,5.0
52,332,5.0
52,1602,5.0
52,728,5.0
52,1802,5.0
52,1734,5.0
52,1265,5.0
52,983,5.0
52,465,4.0
52,424,4.0
52,1096,5.0
52,651,5.0
52,1434,5.0
52,297,5.0
52,1061,5.0
52,912,5.0
52,1888,5.0
52,782,5.0
52,35,1.0
52,1188,1.0
52,1204,2.0
52,1754,2.0
52,1237,1.0
52,334,1.0
52,58,1.0
52,1026,2.0
52,148,1.0
52,354,1.0
52,843,1.0
52,1085,1.0
52,1938,1.0
52,678,1.0
52,1967,1.0
52,10,1.0
52,1149,1.0
52,227,1.0
52,30,1.0
52,562,2.0
52,1973,1.0
52,1568,1.0
52,360,1.0
52,807,1.0
53,360,4.0
53,306,5.0
53,562,5.0
53,200,5.0
53,482,5.0
53,1149,5.0
53,160,5.0
53,1992,5.0
53,1859,5.0
53,10,5.0
53,113,4.0
53,872,5.0
53,1668,5.0
53,1287,4.0
53,1701,5.0
53,1850,4.0
53,1967,5.0
53,1247,4.0
53,807,5.0
53,1490,5.0
53,1689,5.0
53,227,5.0
53,1378,5.0
53,1973,5.0
53,1327,5.0
53,465,1.0
53,102,1.0
53,424,1.0
53,1888,1.0
53,1595,1.0
53,899,1.0
53,1602,1.0
53,368,1.0
53,615,1.0
53,488,1.0
53,188,1.0
53,1754,1.0
53,437,2.0
53,843,1.0
53,51,1.0
53,1938,1.0
53,69,2.0
53,334,1.0
53,1451,1.0
53,354,1.0
54,782,5.0
54,229,5.0
54,368,5.0
54,728,5.0
54,32,4.0
54,488,5.0
54,808,5.0
54,1539,5.0
54,1434,4.0
54,54,5.0
54,1888,5.0
54,416,5.0
54,1265,5.0
54,297,5.0
54,124,5.0
54,1595,5.0
54,1096,4.0
54,332,5.0
54,615,4.0
54,983,5.0
54,1734,5.0
54,465,5.0
54,1061,5.0
54,1602,5.0
54,912,5.0
54,1927,1.0
54,94,1.0
54,69,1.0
54,334,1.0
54,1237,1.0
54,563,1.0
54,136,1.0
54,1560,1.0
54,431,1.0
54,58,1.0
54,1867,1.0
54,678,1.0
54,274,1.0
54,354,1.0
54,1026,1.0
54,1949,1.0
54,590,2.0
54,200,2.0
54,1378,1.0
54,351,1.0
54,1149,1.0
54,160,1.0
54,17,1.0
54,291,1.0
54,1859,1.0
55,1649,5.0
55,1560,4.0
55,35,5.0
55,880,5.0
55,431,4.0
55,1026,5.0
55,1204,5.0
55,1237,5.0
55,1867,5.0
55,678,5.0
55,188,5.0
55,148,5.0
55,1434,5.0
55,5,5.0
55,94,5.0
55,437,5.0
55,51,5.0
55,1754,4.0
55,982,5.0
55,1927,5.0
55,1451,5.0
55,1085,5.0
55,843,5.0
55,1818,5.0
55,69,5.0
55,1096,1.0
55,332,1.0
55,416,1.0
55,1802,1.0
55,899,1.0
55,1602,2.0
55,229,1.0
55,1692,1.0
55,1271,1.0
55,700,1.0
55,1539,1.0
55,651,1.0
55,1595,1.0
55,1888,1.0
55,200,1.0
55,1949,2.0
55,1701,1.0
55,1327,1.0
55,1779,1.0
55,1149,1.0
55,160,1.0
55,1859,1.0
55,969,1.0
55,17,1.0
56,1888,5.0
56,124,5.0
56,899,5.0
56,32,5.0
56,1595,4.0
56,102,5.0
56,1271,5.0
56,54,5.0
56,297,5.0
56,416,5.0
56,368,5.0
56,1434,4.0
56,615,5.0
56,651,5.0
56,808,5.0
56,1045,5.0
56,424,5.0
56,728,4.0
56,1692,5.0
56,1061,4.0
56,229,5.0
56,488,5.0
56,700,4.0
56,1602,5.0
56,1802,4.0
56,437,2.0
56,136,1.0
56,563,1.0
56,51,2.0
56,1938,1.0
56,35,1.0
56,1927,1.0
56,1818,1.0
56,334,1.0
56,1237,1.0
56,56,2.0
56,94,2.0
56,431,2.0
56,1500,1.0
56,58,1.0
56,590,1.0
56,1701,1.0
56,1992,1.0
56,872,1.0
56,1568,1.0
56,1836,1.0
56,969,1.0
56,10,1.0
56,1949,1.0
56,1967,1.0
57,808,5.0
57,32,5.0
57,102,4.0
57,1434,5.0
57,1265,5.0
57,297,4.0
57,1888,5.0
57,1734,5.0
57,229,5.0
57,615,5.0
57,651,5.0
57,1977,5.0
57,1595,5.0
57,1271,5.0
57,700,5.0
57,368,5.0
57,782,5.0
57,1061,5.0
57,1539,5.0
57,424,4.0
57,465,5.0
57,702,5.0
57,332,4.0
57,1096,5.0
57,983,5.0
57,354,1.0
57,982,1.0
57,431,1.0
57,1938,1.0
57,1085,1.0
57,1026,1.0
57,5,1.0
57,94,1.0
57,274,1.0
57,563,1.0
57,58,1.0
57,334,1.0
57,1204,1.0
57,1451,1.0
57,1701,1.0
57,200,1.0
57,1859,1.0
57,1668,1.0
57,392,1.0
57,351,1.0
57,562,2.0
57,113,2.0
57,590,1.0
57,969,1.0
58,188,4.0
58,1938,5.0
58,136,5.0
58,1434,5.0
58,880,5.0
58,51,5.0
58,1500,5.0
58,1204,5.0
58,1867,4.0
58,437,5.0
58,58,5.0
58,1026,5.0
58,1927,5.0
58,678,4.0
58,1188,5.0
58,334,5.0
58,354,5.0
58,1560,5.0
58,69,5.0
58,1085,5.0
58,1649,4.0
58,1818,5.0
58,1451,5.0
58,563,4.0
58,1754,5.0
58,1692,1.0
58,1096,1.0
58,912,1.0
58,416,1.0
58,124,1.0
58,424,1.0
58,1045,1.0
58,651,1.0
58,32,1.0
58,782,1.0
58,1539,1.0
58,332,1.0
58,1061,1.0
58,368,1.0
58,562,1.0
58,872,1.0
58,1490,1.0
58,1701,1.0
58,306,1.0
58,360,1.0
58,1689,1.0
58,1992,1.0
58,113,1.0
58,1836,1.0
59,590,5.0
59,1668,5.0
59,1378,5.0
59,1568,5.0
59,1276,4.0
59,1327,4.0
59,113,5.0
59,1836,5.0
59,306,5.0
59,562,5.0
59,1689,5.0
59,1992,5.0
59,17,5.0
59,1885,5.0
59,1967,5.0
59,969,5.0
59,872,5.0
59,1859,5.0
59,482,5.0
59,1149,5.0
59,1973,4.0
59,360,5.0
59,227,4.0
59,30,5.0
59,1779,5.0
59,700,1.0
59,1539,1.0
59,899,1.0
59,102,1.0
59,702,1.0
59,416,1.0
59,615,1.0
59,1434,1.0
59,651,1.0
59,1271,1.0
59,188,1.0
59,843,1.0
59,1237,1.0
59,1801,1.0
59,35,1.0
59,1500,1.0
59,1649,2.0
59,1867,1.0
59,431,1.0
60,437,5.0
60,58,5.0
60,1500,5.0
60,136,4.0
60,880,5.0
60,1649,5.0
60,69,4.0
60,1434,4.0
60,982,5.0
60,35,5.0
60,1801,5.0
60,1237,4.0
60,5,5.0
60,148,5.0
60,1188,5.0
60,843,4.0
60,563,5.0
60,1026,5.0
60,678,5.0
60,1927,4.0
60,51,5.0
60,1754,5.0
60,1085,5.0
60,1818,5.0
60,1560,5.0
60,54,1.0
60,1539,1.0
60,229,1.0
60,297,1.0
60,1045,1.0
60,465,1.0
60,1802,1.0
60,1265,1.0
60,615,1.0
60,1061,1.0
60,912,1.0
60,1602,1.0
60,782,1.0
60,899,1.0
60,488,2.0
60,1850,1.0
60,562,1.0
60,1992,1.0
60,590,1.0
60,1885,1.0
60,327,1.0
60,160,1.0
60,30,1.0
60,1689,1.0
60,10,1.0
61,1689,5.0
61,30,4.0
61,1850,4.0
61,1568,4.0
61,562,5.0
61,360,5.0
61,200,4.0
61,590,4.0
61,1327,5.0
61,17,5.0
61,291,5.0
61,227,5.0
61,306,4.0
61,1668,5.0
61,1949,5.0
61,969,5.0
61,1701,5.0
61,1836,5.0
61,351,4.0
61,1967,4.0
61,482,5.0
61,1490,5.0
61,872,5.0
61,113,5.0
61,160,5.0
61,912,1.0
61,615,1.0
61,1045,1.0
61,1977,1.0
61,1265,1.0
61,416,1.0
61,1539,2.0
61,54,1.0
61,1271,1.0
61,1434,1.0
61,843,1.0
61,94,1.0
61,1927,1.0
61,563,1.0
61,1500,1.0
61,1818,1.0
61,1204,1.0
61,1188,1.0
61,1649,1.0
61,678,1.0
62,1287,5.0
62,1859,4.0
62,1779,4.0
62,1378,5.0
62,327,5.0
62,1701,5.0
62,1949,5.0
62,113,5.0
62,1568,5.0
62,1850,4.0
62,1490,4.0
62,1247,5.0
62,482,5.0
62,1668,5.0
62,1689,5.0
62,30,5.0
62,10,5.0
62,1276,5.0
62,969,5.0
62,1973,5.0
62,160,5.0
62,1992,5.0
62,872,5.0
62,1967,5.0
62,306,4.0
62,1434,1.0
62,651,1.0
62,1061,1.0
62,1888,1.0
62,1692,1.0
62,782,1.0
62,728,1.0
62,424,1.0
62,229,1.0
62,912,1.0
62,136,1.0
62,69,1.0
62,58,1.0
62,431,1.0
62,1867,1.0
62,1188,1.0
62,274,1.0
62,1649,1.0
62,1237,1.0
63,590,4.0
63,1276,5.0
63,200,5.0
63,807,5.0
63,1859,5.0
63,160,5.0
63,1287,5.0
63,1779,5.0
63,1149,5.0
63,1967,5.0
63,1689,5.0
63,1378,5.0
63,1836,4.0
63,1327,5.0
63,1973,5.0
63,327,5.0
63,227,5.0
63,360,4.0
63,1701,5.0
63,969,4.0
63,1490,5.0
63,482,5.0
63,1568,5.0
63,306,5.0
63,1885,5.0
63,1061,1.0
63,1265,1.0
63,124,1.0
63,1539,1.0
63,782,1.0
63,1602,1.0
63,424,1.0
63,615,2.0
63,416,1.0
63,465,1.0
63,1451,1.0
63,274,1.0
63,563,1.0
63,1867,1.0
63,1801,1.0
63,1938,1.0
63,678,1.0
63,1204,1.0
63,843,1.0
63,880,1.0
64,102,5.0
64,465,5.0
64,1692,5.0
64,912,4.0
64,808,5.0
64,32,5.0
64,983,4.0
64,700,4.0
64,899,5.0
64,1888,5.0
64,424,5.0
64,1595,4.0
64,615,5.0
64,1096,5.0
64,416,5.0
64,1734,4.0
64,728,5.0
64,297,5.0
64,1061,5.0
64,1045,4.0
64,1602,5.0
64,1539,5.0
64,332,5.0
64,488,5.0
64,1977,5.0
64,1754,1.0
64,843,1.0
64,35,1.0
64,431,1.0
64,1818,1.0
64,334,1.0
64,69,1.0
64,1500,1.0
64,1649,1.0
64,94,1.0
64,437,1.0
64,1801,1.0
64,136,1.0
64,880,1.0
64,1867,1.0
64,1287,2.0
64,1949,1.0
64,1701,1.0
64,17,1.0
64,360,1.0
64,1973,1.0
64,227,1.0
64,969,1.0
64,562,1.0
64,1836,1.0
65,1779,5.0
65,30,5.0
65,1973,4.0
65,1836,5.0
65,1859,4.0
65,113,5.0
65,1701,5.0
65,1149,5.0
65,562,5.0
65,1992,5.0
65,306,5.0
65,1967,5.0
65,1287,5.0
65,590,5.0
65,1949,5.0
65,1885,4.0
65,872,4.0
65,351,4.0
65,327,4.0
65,807,5.0
65,291,5.0
65,160,5.0
65,392,5.0
65,482,5.0
65,17,5.0
65,912,2.0
65,808,2.0
65,702,1.0
65,1888,1.0
65,782,1.0
65,1539,1.0
65,229,1.0
65,488,1.0
65,1692,1.0
65,1977,1.0
65,678,1.0
65,1451,1.0
65,35,1.0
65,334,1.0
65,1188,2.0
65,431,1.0
65,1560,1.0
65,94,1.0
65,69,1.0
65,1085,1.0
66,424,5.0
66,1602,5.0
66,1265,4.0
66,782,5.0
66,651,5.0
66,1888,4.0
66,808,5.0
66,983,5.0
66,332,5.0
66,416,5.0
66,297,4.0
66,32,5.0
66,1977,5.0
66,124,5.0
66,1802,4.0
66,102,5.0
66,368,5.0
66,1096,5.0
66,700,5.0
66,899,5.0
66,912,5.0
66,615,5.0
66,54,5.0
66,229,4.0
66,488,5.0
66,58,1.0
66,1754,1.0
66,1801,1.0
66,1649,1.0
66,1500,1.0
66,136,1.0
66,1818,1.0
66,1204,1.0
66,69,1.0
66,56,1.0
66,354,1.0
66,148,1.0
66,1938,1.0
66,678,1.0
66,1237,1.0
66,1992,1.0
66,807,1.0
66,1779,1.0
66,1836,1.0
66,351,1.0
66,1850,1.0
66,291,1.0
66,227,1.0
66,969,1.0
66,1859,1.0
67,1061,4.0
67,899,5.0
67,465,5.0
67,615,5.0
67,1595,5.0
67,332,5.0
67,1602,4.0
67,424,5.0
67,1096,5.0
67,782,5.0
67,229,5.0
67,1734,4.0
67,1045,5.0
67,416,5.0
67,808,4.0
67,368,4.0
67,54,4.0
67,702,5.0
67,912,5.0
67,32,5.0
67,1692,5.0
67,1802,4.0
67,651,5.0
67,1265,5.0
67,297,5.0
67,880,1.0
67,1754,1.0
67,1085,1.0
67,56,1.0
67,1938,1.0
67,1927,1.0
67,1500,1.0
67,354,1.0
67,188,1.0
67,982,1.0
67,1818,1.0
67,334,1.0
67,69,1.0
67,1560,1.0
67,437,1.0
67,30,2.0
67,160,1.0
67,1327,1.0
67,1247,1.0
67,872,1.0
67,562,1.0
67,1973,1.0
67,1859,1.0
67,327,1.0
67,360,1.0
68,912,5.0
68,1096,5.0
68,32,5.0
68,700,5.0
68,1802,5.0
68,1271,5.0
68,54,5.0
68,782,4.0
68,1434,4.0
68,124,4.0
68,424,4.0
68,899,5.0
68,102,5.0
68,465,5.0
68,488,5.0
68,416,5.0
68,1888,4.0
68,615,5.0
68,368,5.0
68,702,5.0
68,983,5.0
68,651,5.0
68,297,5.0
68,728,5.0
68,1539,5.0
68,1867,1.0
68,1451,2.0
68,1204,1.0
68,56,2.0
68,1938,1.0
68,843,1.0
68,1649,2.0
68,35,1.0
68,1754,1.0
68,1500,1.0
68,431,1.0
68,354,1.0
68,1801,1.0
68,563,1.0
68,113,1.0
68,1378,1.0
68,10,2.0
68,392,1.0
68,1247,1.0
68,30,1.0
68,1689,1.0
68,1967,1.0
68,590,2.0
68,291,1.0
69,424,4.0
69,32,5.0
69,1271,5.0
69,702,5.0
69,1595,5.0
69,1802,5.0
69,615,5.0
69,1096,4.0
69,488,5.0
69,368,5.0
69,1061,4.0
69,416,5.0
69,899,5.0
69,54,5.0
69,1734,5.0
69,124,4.0
69,782,4.0
69,297,5.0
69,651,5.0
69,728,5.0
69,229,5.0
69,1265,5.0
69,465,4.0
69,1602,4.0
69,1692,5.0
69,1085,1.0
69,880,1.0
69,1927,1.0
69,136,1.0
69,431,1.0
69,1451,1.0
69,1434,1.0
69,678,1.0
69,69,1.0
69,437,1.0
69,1500,1.0
69,1026,1.0
69,58,1.0
69,274,1.0
69,1204,1.0
69,360,1.0
69,1287,1.0
69,807,1.0
69,482,1.0
69,327,1.0
69,1378,1.0
69,969,1.0
69,1247,1.0
69,1992,2.0
69,1850,1.0
70,1668,5.0
70,1327,5.0
70,30,5.0
70,1490,5.0
70,1967,5.0
70,306,5.0
70,360,4.0
70,562,5.0
70,17,4.0
70,227,5.0
70,1287,5.0
70,1859,5.0
70,1568,5.0
70,10,5.0
70,351,5.0
70,969,5.0
70,1689,4.0
70,200,5.0
70,1378,5.0
70,1701,5.0
70,590,5.0
70,392,5.0
70,807,5.0
70,1992,5.0
70,872,5.0
70,1692,1.0
70,615,2.0
70,368,1.0
70,424,1.0
70,297,1.0
70,808,1.0
70,465,2.0
70,899,1.0
70,702,1.0
70,332,1.0
70,880,1.0
70,1867,2.0
70,1204,1.0
70,1451,1.0
70,148,1.0
70,1801,1.0
70,1754,1.0
70,843,1.0
70,136,2.0
70,437,1.0
71,1885,4.0
71,10,5.0
71,1327,5.0
71,1668,4.0
71,1247,5.0
71,30,5.0
71,1850,5.0
71,1836,5.0
71,160,5.0
71,392,5.0
71,351,4.0
71,590,5.0
71,1568,5.0
71,306,4.0
71,1689,5.0
71,1779,5.0
71,113,5.0
71,1378,5.0
71,969,5.0
71,1973,5.0
71,1490,5.0
71,872,4.0
71,291,5.0
71,1149,4.0
71,1967,5.0
71,912,1.0
71,1977,1.0
71,728,1.0
71,615,2.0
71,1802,1.0
71,1539,1.0
71,368,1.0
71,297,1.0
71,229,1.0
71,782,1.0
71,274,2.0
71,35,1.0
71,1818,1.0
71,1560,1.0
71,354,1.0
71,1204,1.0
71,5,1.0
71,1188,1.0
71,437,1.0
71,1927,1.0
72,1754,5.0
72,437,5.0
72,1938,5.0
72,1927,5.0
72,1500,5.0
72,148,5.0
72,1451,5.0
72,1867,5.0
72,51,4.0
72,136,4.0
72,188,5.0
72,431,5.0
72,1649,5.0
72,35,5.0
72,1237,5.0
72,880,4.0
72,1801,5.0
72,354,5.0
72,982,5.0
72,678,4.0
72,69,5.0
72,1085,5.0
72,56,4.0
72,1818,4.0
72,94,5.0
72,465,2.0
72,1539,1.0
72,297,2.0
72,416,1.0
72,1802,1.0
72,702,1.0
72,1977,2.0
72,332,1.0
72,54,1.0
72,912,1.0
72,899,1.0
72,1045,1.0
72,1271,1.0
72,424,1.0
72,1265,1.0
72,291,1.0
72,1992,1.0
72,1490,1.0
72,1276,1.0
72,1779,2.0
72,160,1.0
72,1949,1.0
72,1973,1.0
72,1378,1.0
72,1668,1.0
73,482,4.0
73,969,5.0
73,1992,4.0
73,200,5.0
73,10,5.0
73,1885,5.0
73,291,5.0
73,306,4.0
73,1378,5.0
73,30,4.0
73,1668,5.0
73,351,4.0
73,590,5.0
73,1247,5.0
73,227,5.0
73,1689,5.0
73,1149,5.0
73,1568,4.0
73,872,5.0
73,327,4.0
73,113,5.0
73,1490,5.0
73,392,5.0
73,1836,5.0
73,1949,5.0
73,702,1.0
73,983,1.0
73,297,1.0
73,368,1.0
73,1096,1.0
73,899,1.0
73,54,1.0
73,416,2.0
73,124,1.0
73,229,1.0
73,1801,1.0
73,1085,1.0
73,1188,1.0
73,354,1.0
73,1560,1.0
73,982,1.0
73,678,1.0
73,1927,1.0
73,1451,1.0
73,1938,2.0
74,368,5.0
74,1802,5.0
74,1271,5.0
74,1602,5.0
74,808,5.0
74,728,5.0
74,615,5.0
74,1539,4.0
74,983,5.0
74,124,5.0
74,700,5.0
74,899,5.0
74,54,5.0
74,465,5.0
74,1692,5.0
74,702,5.0
74,102,5.0
74,1045,5.0
74,424,5.0
74,32,5.0
74,1434,4.0
74,912,5.0
74,1734,5.0
74,488,4.0
74,332,5.0
74,1560,1.0
74,678,1.0
74,1085,1.0
74,1237,1.0
74,1204,1.0
74,1927,1.0
74,431,1.0
74,1500,1.0
74,563,1.0
74,58,1.0
74,1754,1.0
74,35,1.0
74,1451,1.0
74,334,1.0
74,94,2.0
74,30,2.0
74,807,1.0
74,200,1.0
74,306,1.0
74,10,1.0
74,1378,1.0
74,969,1.0
74,1490,1.0
74,1689,1.0
74,1992,1.0
75,334,5.0
75,51,4.0
75,1500,5.0
75,843,5.0
75,1818,5.0
75,1026,4.0
75,678,5.0
75,1649,4.0
75,563,5.0
75,69,5.0
75,148,4.0
75,1204,5.0
75,56,5.0
75,1560,5.0
75,1927,5.0
75,880,5.0
75,1237,5.0
75,94,5.0
75,1754,5.0
75,5,5.0
75,1434,5.0
75,58,5.0
75,274,4.0
75,1938,5.0
75,437,4.0
75,1888,1.0
75,297,1.0
75,1595,2.0
75,912,1.0
75,728,1.0
75,332,1.0
75,700,1.0
75,368,1.0
75,102,1.0
75,1692,1.0
75,1802,1.0
75,615,1.0
75,899,1.0
75,229,1.0
75,424,1.0
75,392,1.0
75,482,1.0
75,872,1.0
75,1568,1.0
75,1836,1.0
75,590,1.0
75,1689,1.0
75,1859,1.0
75,1701,1.0
75,291,1.0
76,1539,5.0
76,465,5.0
76,1271,5.0
76,1061,5.0
76,332,5.0
76,983,5.0
76,651,5.0
76,1434,5.0
76,1734,5.0
76,1595,5.0
76,229,5.0
76,297,5.0
76,424,5.0
76,368,5.0
76,54,5.0
76,102,5.0
76,1802,5.0
76,782,5.0
76,488,5.0
76,1888,5.0
76,728,5.0
76,416,5.0
76,1045,5.0
76,899,5.0
76,615,5.0
76,1754,1.0
76,51,1.0
76,1451,2.0
76,334,2.0
76,136,1.0
76,431,2.0
76,69,1.0
76,1867,1.0
76,58,1.0
76,5,1.0
76,1204,1.0
76,437,1.0
76,1560,1.0
76,35,1.0
76,1649,1.0
76,30,1.0
76,160,1.0
76,227,1.0
76,17,1.0
76,351,1.0
76,291,1.0
76,807,1.0
76,872,1.0
76,1701,1.0
76,10,2.0
77,872,5.0
77,807,5.0
77,1859,5.0
77,1992,5.0
77,1885,5.0
77,392,5.0
77,1949,4.0
77,306,5.0
77,969,5.0
77,227,4.0
77,351,5.0
77,200,5.0
77,291,5.0
77,327,5.0
77,1276,4.0
77,17,5.0
77,1287,4.0
77,1779,5.0
77,482,5.0
77,562,5.0
77,360,5.0
77,30,5.0
77,1850,5.0
77,590,5.0
77,1701,5.0
77,808,1.0
77,102,1.0
77,332,1.0
77,899,1.0
77,32,1.0
77,416,1.0
77,1602,2.0
77,424,1.0
77,615,1.0
77,651,1.0
77,1867,1.0
77,1649,1.0
77,51,1.0
77,437,1.0
77,5,1.0
77,1801,1.0
77,354,1.0
77,1927,1.0
77,1754,1.0
77,1085,1.0
78,899,4.0
78,1692,5.0
78,297,4.0
78,1802,5.0
78,1595,4.0
78,782,5.0
78,465,5.0
78,124,4.0
78,1977,5.0
78,54,5.0
78,229,5.0
78,102,5.0
78,1265,4.0
78,1539,4.0
78,615,5.0
78,1734,5.0
78,1096,5.0
78,702,5.0
78,1045,5.0
78,808,5.0
78,983,4.0
78,416,4.0
78,1602,4.0
78,368,5.0
78,1061,5.0
78,334,2.0
78,69,1.0
78,563,1.0
78,1818,1.0
78,1938,1.0
78,982,1.0
78,1927,1.0
78,51,1.0
78,1026,1.0
78,1801,1.0
78,1500,1.0
78,5,1.0
78,136,1.0
78,1434,2.0
78,1204,1.0
78,872,1.0
78,1287,1.0
78,1973,1.0
78,1568,1.0
78,1967,1.0
78,1885,1.0
78,327,1.0
78,10,1.0
78,1779,1.0
78,1859,1.0
79,807,5.0
79,1836,5.0
79,351,5.0
79,327,5.0
79,1378,5.0
79,1779,5.0
79,1287,5.0
79,1949,4.0
79,969,5.0
79,17,5.0
79,1668,5.0
79,1967,5.0
79,1490,5.0
79,1859,5.0
79,160,5.0
79,1568,5.0
79,306,5.0
79,590,5.0
79,227,5.0
79,1850,5.0
79,1327,5.0
79,1973,5.0
79,1701,5.0
79,113,5.0
79,1149,5.0
79,1734,1.0
79,1692,1.0
79,808,1.0
79,416,1.0
79,899,1.0
79,1061,2.0
79,102,1.0
79,488,1.0
79,728,1.0
79,1539,1.0
79,1867,1.0
79,880,2.0
79,334,1.0
79,982,1.0
79,437,1.0
79,1204,1.0
79,1188,1.0
79,1801,1.0
79,1938,1.0
79,1927,1.0
80,351,5.0
80,1568,5.0
80,1668,5.0
80,1836,5.0
80,1327,4.0
80,113,5.0
80,1701,5.0
80,200,5.0
80,969,4.0
80,590,4.0
80,1859,5.0
80,1490,5.0
80,1973,4.0
80,360,5.0
80,1885,5.0
80,482,5.0
80,1149,4.0
80,10,5.0
80,1850,5.0
80,392,4.0
80,17,4.0
80,1247,5.0
80,807,5.0
80,1949,4.0
80,1378,5.0
80,1434,1.0
80,1096,1.0
80,1888,1.0
80,424,1.0
80,700,1.0
80,1271,1.0
80,899,1.0
80,651,1.0
80,702,1.0
80,1061,1.0
80,563,1.0
80,431,1.0
80,1560,1.0
80,58,1.0
80,678,1.0
80,1085,1.0
80,1754,1.0
80,880,1.0
80,1867,1.0
80,148,1.0
81,1276,5.0
81,1885,5.0
81,1247,5.0
81,113,5.0
81,160,4.0
81,392,5.0
81,1490,5.0
81,1836,5.0
81,1779,5.0
81,351,5.0
81,1689,5.0
81,969,5.0
81,30,5.0
81,1568,5.0
81,590,5.0
81,482,5.0
81,200,5.0
81,306,5.0
81,1668,4.0
81,1701,5.0
81,1287,5.0
81,227,5.0
81,562,5.0
81,1967,5.0
81,291,4.0
81,808,1.0
81,32,1.0
81,488,1.0
81,368,1.0
81,332,1.0
81,899,1.0
81,297,1.0
81,1888,1.0
81,1265,1.0
81,1061,1.0
81,1649,1.0
81,678,1.0
81,1801,1.0
81,880,1.0
81,1434,1.0
81,563,1.0
81,982,1.0
81,1085,1.0
81,1560,1.0
81,1867,1.0
82,899,5.0
82,702,5.0
82,808,5.0
82,1271,5.0
82,368,5.0
82,1734,5.0
82,1061,4.0
82,1434,4.0
82,1802,5.0
82,615,5.0
82,54,4.0
82,465,5.0
82,1602,5.0
82,1888,5.0
82,488,5.0
82,912,5.0
82,424,5.0
82,297,5.0
82,728,5.0
82,102,5.0
82,1977,5.0
82,1265,5.0
82,1096,5.0
82,782,5.0
82,700,4.0
82,880,1.0
82,1560,1.0
82,1451,1.0
82,431,1.0
82,1938,1.0
82,94,1.0
82,678,1.0
82,188,2.0
82,1801,1.0
82,1085,1.0
82,1237,1.0
82,354,1.0
82,1026,1.0
82,334,1.0
82,69,1.0
82,1949,1.0
82,1378,2.0
82,1668,1.0
82,969,1.0
82,1327,1.0
82,1850,1.0
82,1836,1.0
82,807,2.0
82,360,1.0
82,1967,1.0
83,808,4.0
83,1977,5.0
83,1802,5.0
83,54,5.0
83,899,5.0
83,651,5.0
83,368,5.0
83,124,5.0
83,1271,5.0
83,983,5.0
83,416,5.0
83,1734,5.0
83,1096,5.0
83,488,5.0
83,782,5.0
83,1888,4.0
83,102,5.0
83,424,5.0
83,702,4.0
83,1595,5.0
83,1434,5.0
83,700,5.0
83,1602,5.0
83,229,5.0
83,1692,5.0
83,148,1.0
83,1204,1.0
83,354,1.0
83,51,1.0
83,1026,1.0
83,1085,1.0
83,563,1.0
83,1451,1.0
83,678,1.0
83,56,1.0
83,431,1.0
83,880,1.0
83,58,2.0
83,1560,1.0
83,327,1.0
83,1287,1.0
83,1885,1.0
83,10,1.0
83,1850,1.0
83,1859,1.0
83,1701,1.0
83,482,1.0
83,160,1.0
83,807,1.0
84,702,5.0
84,416,5.0
84,54,5.0
84,297,5.0
84,899,5.0
84,1045,5.0
84,368,5.0
84,615,5.0
84,1434,5.0
84,1265,4.0
84,1734,5.0
84,424,5.0
84,728,5.0
84,808,5.0
84,1977,5.0
84,332,5.0
84,1595,5.0
84,229,4.0
84,651,5.0
84,782,4.0
84,1602,5.0
84,1692,5.0
84,700,5.0
84,983,5.0
84,1539,5.0
84,982,1.0
84,1026,1.0
84,274,1.0
84,880,2.0
84,1649,1.0
84,148,1.0
84,334,1.0
84,58,1.0
84,843,1.0
84,136,1.0
84,1204,1.0
84,354,1.0
84,56,1.0
84,5,1.0
84,1927,1.0
84,351,1.0
84,392,1.0
84,1668,1.0
84,291,1.0
84,306,1.0
84,1701,1.0
84,113,1.0
84,872,1.0
84,1490,1.0
84,1568,1.0
85,1802,5.0
85,700,4.0
85,1539,4.0
85,465,4.0
85,1434,5.0
85,1734,4.0
85,1595,5.0
85,1061,5.0
85,983,4.0
85,1265,5.0
85,368,5.0
85,899,5.0
85,912,5.0
85,1096,5.0
85,615,5.0
85,1271,5.0
85,651,5.0
85,1602,4.0
85,1692,5.0
85,1888,5.0
85,124,5.0
85,782,4.0
85,702,5.0
85,32,5.0
85,1045,4.0
85,1026,1.0
85,1818,1.0
85,1451,1.0
85,1801,1.0
85,1237,1.0
85,1649,1.0
85,678,1.0
85,334,1.0
85,982,1.0
85,1754,1.0
85,148,1.0
85,1500,1.0
85,136,1.0
85,94,1.0
85,51,1.0
85,113,1.0
85,291,1.0
85,1668,1.0
85,306,1.0
85,969,1.0
85,1689,1.0
85,1779,1.0
85,360,1.0
85,392,1.0
85,807,1.0
86,1888,5.0
86,488,4.0
86,1265,5.0
86,1271,4.0
86,983,5.0
86,1595,5.0
86,702,4.0
86,1434,5.0
86,1539,5.0
86,465,5.0
86,912,5.0
86,615,5.0
86,1096,5.0
86,332,5.0
86,368,5.0
86,899,4.0
86,1734,5.0
86,1061,5.0
86,102,5.0
86,728,5.0
86,1045,5.0
86,297,5.0
86,782,5.0
86,1692,5.0
86,700,5.0
86,58,1.0
86,94,1.0
86,1500,1.0
86,1188,1.0
86,982,1.0
86,843,1.0
86,1867,2.0
86,1938,1.0
86,148,1.0
86,1560,1.0
86,1927,1.0
86,1801,1.0
86,1237,1.0
86,1085,1.0
86,1779,1.0
86,872,1.0
86,1568,1.0
86,10,1.0
86,227,1.0
86,1287,1.0
86,30,1.0
86,1992,1.0
86,351,1.0
86,590,1.0
87,351,5.0
87,1859,5.0
87,1992,5.0
87,1836,4.0
87,227,5.0
87,1850,4.0
87,30,5.0
87,291,5.0
87,160,5.0
87,562,5.0
87,1287,5.0
87,807,4.0
87,1327,5.0
87,590,5.0
87,1568,5.0
87,327,5.0
87,1149,5.0
87,17,5.0
87,872,4.0
87,1701,5.0
87,360,5.0
87,1247,5.0
87,1967,5.0
87,1276,5.0
87,482,5.0
87,1539,1.0
87,1265,1.0
87,912,1.0
87,1271,1.0
87,488,1.0
87,1692,2.0
87,615,1.0
87,124,1.0
87,728,1.0
87,700,1.0
87,354,1.0
87,1204,1.0
87,148,1.0
87,136,1.0
87,1867,1.0
87,843,1.0
87,1649,1.0
87,56,2.0
87,1237,1.0
87,1560,1.0
88,651,5.0
88,1802,4.0
88,416,5.0
88,424,4.0
88,1434,5.0
88,899,5.0
88,1595,5.0
88,54,4.0
88,124,5.0
88,1692,4.0
88,32,5.0
88,983,5.0
88,702,5.0
88,297,5.0
88,1271,5.0
88,1265,5.0
88,1602,5.0
88,332,5.0
88,488,5.0
88,1061,5.0
88,1539,5.0
88,368,4.0
88,1888,4.0
88,912,5.0
88,700,5.0
88,188,1.0
88,136,1.0
88,274,1.0
88,354,1.0
88,5,2.0
88,58,2.0
88,678,1.0
88,1188,2.0
88,1085,1.0
88,1500,1.0
88,982,1.0
88,1649,1.0
88,1237,1.0
88,1938,1.0
88,1859,1.0
88,1850,1.0
88,1490,1.0
88,590,1.0
88,1885,1.0
88,1689,1.0
88,1779,1.0
88,1949,1.0
88,1247,2.0
88,360,1.0
89,1045,5.0
89,229,5.0
89,1595,5.0
89,1539,5.0
89,124,5.0
89,32,5.0
89,416,4.0
89,808,5.0
89,1271,5.0
89,1888,5.0
89,488,5.0
89,465,5.0
89,615,5.0
89,1265,5.0
89,1096,4.0
89,102,4.0
89,54,5.0
89,368,5.0
89,702,5.0
89,782,5.0
89,297,4.0
89,1434,4.0
89,899,5.0
89,1692,5.0
89,1061,5.0
89,1649,1.0
89,58,1.0
89,1801,1.0
89,1451,1.0
89,880,1.0
89,148,1.0
89,431,1.0
89,35,1.0
89,51,1.0
89,1754,2.0
89,1560,1.0
89,1204,1.0
89,678,1.0
89,1026,1.0
89,188,2.0
89,872,1.0
89,1859,1.0
89,1885,1.0
89,327,1.0
89,562,1.0
89,1287,1.0
89,1949,1.0
89,1149,1.0
89,17,1.0
89,1850,1.0
90,1949,5.0
90,1490,5.0
90,1689,5.0
90,30,5.0
90,590,5.0
90,1967,4.0
90,807,5.0
90,1378,5.0
90,1779,4.0
90,360,5.0
90,200,5.0
90,392,4.0
90,306,4.0
90,1973,5.0
90,482,4.0
90,227,5.0
90,1287,5.0
90,1327,5.0
90,10,5.0
90,1836,5.0
90,1850,5.0
90,1885,5.0
90,1701,5.0
90,1276,5.0
90,1247,5.0
90,1977,1.0
90,728,1.0
90,1595,1.0
90,424,1.0
90,102,1.0
90,332,1.0
90,416,1.0
90,1265,2.0
90,899,1.0
90,1434,1.0
90,354,1.0
90,437,1.0
90,5,1.0
90,1927,1.0
90,1451,1.0
90,58,1.0
90,94,1.0
90,136,1.0
90,563,1.0
91,1927,5.0
91,148,5.0
91,843,5.0
91,1754,5.0
91,431,5.0
91,354,5.0
91,982,5.0
91,1867,5.0
91,56,5.0
91,51,5.0
91,563,5.0
91,1938,4.0
91,1649,5.0
91,1818,5.0
91,35,4.0
91,1188,5.0
91,678,5.0
91,136,5.0
91,5,5.0
91,1500,4.0
91,880,5.0
91,1237,5.0
91,437,5.0
91,94,5.0
91,274,5.0
91,1271,1.0
91,1977,1.0
91,229,2.0
91,1602,1.0
91,1888,1.0
91,465,1.0
91,102,1.0
91,912,1.0
91,700,1.0
91,1734,1.0
91,332,1.0
91,1595,1.0
91,1045,1.0
91,1539,1.0
91,488,1.0
91,113,1.0
91,1568,1.0
91,590,1.0
91,351,1.0
91,200,1.0
91,1885,1.0
91,969,1.0
91,30,1.0
91,327,1.0
91,872,1.0
92,969,5.0
92,1779,5.0
92,113,5.0
92,160,5.0
92,482,5.0
92,1287,4.0
92,1836,5.0
92,10,5.0
92,1689,4.0
92,1668,5.0
92,1850,5.0
92,1973,4.0
92,590,5.0
92,1327,5.0
92,351,5.0
92,1949,4.0
92,306,5.0
92,1378,5.0
92,1701,4.0
92,872,4.0
92,1490,5.0
92,1992,4.0
92,1568,4.0
92,327,5.0
92,200,5.0
92,1096,1.0
92,1061,1.0
92,1045,1.0
92,229,1.0
92,1734,1.0
92,700,1.0
92,651,1.0
92,1692,1.0
92,488,2.0
92,782,1.0
92,1754,1.0
92,51,1.0
92,334,1.0
92,1204,1.0
92,58,1.0
92,188,1.0
92,1560,1.0
92,136,1.0
92,1237,1.0
92,354,1.0
93,102,5.0
93,651,4.0
93,332,4.0
93,899,4.0
93,808,5.0
93,912,5.0
93,702,5.0
93,416,5.0
93,465,5.0
93,1888,5.0
93,229,5.0
93,1271,5.0
93,54,5.0
93,297,5.0
93,1265,4.0
93,488,4.0
93,615,5.0
93,1096,5.0
93,983,4.0
93,1595,5.0
93,1602,5.0
93,1692,5.0
93,424,4.0
93,728,5.0
93,782,5.0
93,431,1.0
93,1938,1.0
93,1434,1.0
93,1867,1.0
93,5,1.0
93,56,1.0
93,136,1.0
93,678,1.0
93,35,1.0
93,437,1.0
93,843,1.0
93,1818,1.0
93,1204,1.0
93,58,1.0
93,982,1.0
93,200,1.0
93,227,1.0
93,351,1.0
93,872,2.0
93,10,1.0
93,30,1.0
93,1973,1.0
93,807,1.0
93,360,1.0
93,590,1.0
94,1026,5.0
94,1818,5.0
94,1500,5.0
94,1434,5.0
94,431,5.0
94,274,4.0
94,334,5.0
94,843,5.0
94,678,5.0
94,51,5.0
94,437,4.0
94,1649,4.0
94,1085,5.0
94,1204,5.0
94,982,4.0
94,5,5.0
94,35,4.0
94,148,5.0
94,1560,5.0
94,94,5.0
94,1754,4.0
94,136,5.0
94,188,5.0
94,1237,5.0
94,1867,5.0
94,912,1.0
94,1692,2.0
94,702,2.0
94,700,1.0
94,229,2.0
94,1265,1.0
94,1888,1.0
94,983,1.0
94,332,1.0
94,1977,1.0
94,488,2.0
94,1595,1.0
94,1802,1.0
94,1061,1.0
94,54,1.0
94,1859,1.0
94,306,2.0
94,200,1.0
94,160,1.0
94,1276,1.0
94,1779,1.0
94,291,1.0
94,1992,1.0
94,1490,1.0
94,360,1.0
95,969,5.0
95,306,5.0
95,872,5.0
95,1378,5.0
95,1689,4.0
95,227,5.0
95,1490,5.0
95,200,4.0
95,1992,5.0
95,1327,4.0
95,113,5.0
95,1287,5.0
95,1701,5.0
95,562,5.0
95,17,5.0
95,807,4.0
95,1949,5.0
95,327,5.0
95,30,4.0
95,1668,5.0
95,1247,4.0
95,1836,5.0
95,291,4.0
95,1568,5.0
95,1779,5.0
95,728,1.0
95,782,1.0
95,54,1.0
95,32,1.0
95,912,1.0
95,1602,1.0
95,332,1.0
95,983,1.0
95,1434,1.0
95,1061,1.0
95,1026,1.0
95,880,1.0
95,678,1.0
95,334,1.0
95,1938,1.0
95,274,1.0
95,56,1.0
95,35,1.0
95,563,1.0
95,1451,1.0
96,229,5.0
96,912,5.0
96,1434,5.0
96,782,5.0
96,1888,4.0
96,416,5.0
96,32,5.0
96,297,5.0
96,332,5.0
96,1096,5.0
96,102,5.0
96,1734,5.0
96,615,5.0
96,424,4.0
96,1692,5.0
96,651,5.0
96,1271,5.0
96,465,4.0
96,983,5.0
96,488,5.0
96,899,5.0
96,1977,5.0
96,1265,4.0
96,1061,5.0
96,808,5.0
96,678,2.0
96,1188,1.0
96,334,1.0
96,5,1.0
96,563,1.0
96,1754,1.0
96,1026,1.0
96,56,1.0
96,69,1.0
96,982,1.0
96,1927,1.0
96,1237,1.0
96,437,1.0
96,274,1.0
96,1649,1.0
96,17,1.0
96,1327,1.0
96,30,1.0
96,1973,2.0
96,1850,1.0
96,1885,1.0
96,291,1.0
96,1149,1.0
96,360,1.0
96,1859,1.0
97,982,5.0
97,51,5.0
97,354,5.0
97,1026,5.0
97,1451,4.0
97,843,5.0
97,69,4.0
97,35,5.0
97,188,5.0
97,1867,5.0
97,1204,5.0
97,1938,5.0
97,1085,4.0
97,1754,5.0
97,1500,4.0
97,1560,5.0
97,678,4.0
97,1649,4.0
97,136,5.0
97,274,5.0
97,58,5.0
97,1188,5.0
97,1801,5.0
97,1818,5.0
97,1237,5.0
97,1595,1.0
97,651,1.0
97,32,1.0
97,702,2.0
97,1061,1.0
97,1977,1.0
97,54,1.0
97,488,1.0
97,368,1.0
97,1692,1.0
97,1045,1.0
97,465,1.0
97,808,2.0
97,102,1.0
97,332,2.0
97,482,1.0
97,392,1.0
97,1668,1.0
97,306,1.0
97,1949,1.0
97,160,1.0
97,30,1.0
97,1967,1.0
97,1885,1.0
97,10,2.0
98,1378,4.0
98,327,5.0
98,1850,5.0
98,160,5.0
98,1327,5.0
98,17,5.0
98,1885,5.0
98,482,5.0
98,1949,5.0
98,392,5.0
98,1859,5.0
98,1701,5.0
98,113,5.0
98,291,5.0
98,1836,5.0
98,30,5.0
98,1992,5.0
98,807,5.0
98,1568,5.0
98,351,5.0
98,1287,5.0
98,1490,5.0
98,306,4.0
98,1689,5.0
98,590,5.0
98,332,1.0
98,1434,1.0
98,124,1.0
98,488,1.0
98,229,1.0
98,1061,1.0
98,1539,1.0
98,899,1.0
98,700,1.0
98,1977,1.0
98,1500,1.0
98,56,1.0
98,188,1.0
98,94,1.0
98,148,1.0
98,1927,2.0
98,5,1.0
98,1801,1.0
98,982,1.0
98,354,1.0
99,1378,5.0
99,1992,5.0
99,360,4.0
99,1327,5.0
99,1247,5.0
99,872,5.0
99,1850,4.0
99,1276,5.0
99,1568,5.0
99,30,5.0
99,807,4.0
99,1149,5.0
99,1859,5.0
99,1701,4.0
99,562,5.0
99,291,4.0
99,160,4.0
99,327,5.0
99,351,4.0
99,482,5.0
99,1779,5.0
99,1949,5.0
99,1885,5.0
99,306,5.0
99,17,5.0
99,32,1.0
99,416,1.0
99,1977,1.0
99,124,1.0
99,465,1.0
99,1734,1.0
99,808,1.0
99,1265,1.0
99,297,1.0
99,702,2.0
99,5,1.0
99,274,1.0
99,1927,1.0
99,1938,1.0
99,354,1.0
99,1204,1.0
99,148,2.0
99,334,1.0
99,1649,1.0
99,437,1.0
100,51,4.0
100,1818,5.0
100,1434,5.0
100,1451,5.0
100,982,5.0
100,94,5.0
100,69,5.0
100,274,5.0
100,678,5.0
100,1649,5.0
100,148,5.0
100,1500,5.0
100,1801,5.0
100,354,5.0
100,563,4.0
100,1560,5.0
100,58,4.0
100,5,5.0
100,1188,5.0
100,1085,4.0
100,431,5.0
100,188,5.0
100,56,5.0
100,1927,5.0
100,1237,5.0
100,1602,1.0
100,1977,2.0
100,1802,1.0
100,912,1.0
100,782,1.0
100,332,1.0
100,983,1.0
100,1096,1.0
100,615,1.0
100,651,2.0
100,54,1.0
100,297,1.0
100,1265,1.0
100,1045,1.0
100,465,1.0
100,1885,1.0
100,1836,1.0
100,1490,1.0
100,562,1.0
100,351,1.0
100,1378,1.0
100,1668,1.0
100,1973,1.0
100,1276,1.0
100,113,1.0
1,1396,5.0
4,114,5.0
4,1128,5.0
1,107,5.0
132,1455,5.0
132,74,5.0
132,198,5.0
132,1006,5.0
132,1501,5.0
132,1500,5.0
132,25,5.0
132,136,5.0
132,107,5.0
132,1128,5.0
132,114,5.0
132,978,5.0
132,120,5.0
132,1605,5.0
132,1612,5.0
132,732,5.0
133,899,5.0
133,1602,5.0
133,102,5.0
133,54,5.0
133,1096,5.0
133,700,5.0
133,702,5.0
133,983,5.0
133,368,5.0
133,1595,5.0
133,912,5.0
133,416,5.0
133,728,5.0
134,1602,5.0
134,899,5.0
134,102,5.0
134,1096,5.0
134,54,5.0
134,912,5.0
134,1595,5.0
135,899,5.0
135,1602,5.0
135,1434,5.0
135,368,5.0
135,702,5.0
135,983,5.0
135,728,5.0
135,808,5.0
136,1455,5.0
136,1006,5.0
136,74,5.0
